first_name,last_name,gender,experience_years,phone,email,hospital_id,department_id,joining_date
Maanav,Vyas,M,22,4644856466,ozafaqid@example.org,1,7,2024-08-17
Nidra,Rattan,F,4,7123249197,unnativiswanathan@example.com,9,4,2022-08-14
Ijaya,Oak,F,16,3496786404,yochanabuch@example.org,10,8,2024-03-13
Chatura,Dugar,M,23,7324975738,grovertanish@example.com,10,6,2025-08-27
Warjas,Pandya,M,10,1165733487,nayargautami@example.net,10,8,2023-08-22
Ishaan,Doctor,M,23,2702601246,leena50@example.com,3,4,2012-07-30
Balendra,Bir,M,17,5680646659,priya79@example.org,8,8,2015-09-11
Matthew,Tata,M,8,8694444366,raoisaac@example.org,4,1,2019-07-11
Nitesh,Agarwal,M,4,8913646932,gayathrisehgal@example.org,1,3,2020-09-30
Anmol,Manne,M,17,9375301459,omishasalvi@example.org,9,1,2015-06-25
Laban,Seth,M,6,3221042314,fiyaz35@example.com,1,5,2013-03-23
Gaurang,Balakrishnan,M,35,9084259624,janaki32@example.net,8,8,2015-03-16
Brijesh,Chana,M,9,0356805411,advika05@example.org,2,3,2025-03-14
Charvi,Dora,F,27,6442312193,randhawachandresh@example.com,7,5,2026-03-28
Alexander,Pant,M,5,8199939733,arout@example.net,2,4,2017-09-21
Deepa,Vohra,F,27,9827240379,omitter@example.com,1,4,2013-08-09
Nidra,Gokhale,F,25,5776645577,nayardakshesh@example.net,9,5,2024-03-21
Faris,Reddy,M,25,0136797987,ekiya69@example.com,3,3,2024-07-31
Rajeshri,Tara,F,27,3976529674,yashvi76@example.org,7,4,2012-08-03
Mekhala,Raman,F,14,1952234208,koshyoeshi@example.com,3,3,2016-10-19
Lavanya,Gaba,F,33,9947374917,mishraansh@example.com,10,7,2025-06-18
Upadhriti,Chanda,F,10,1361477556,ghosemeera@example.net,4,1,2024-07-16
Unni,Sule,F,30,1012705128,magarayaan@example.org,8,7,2013-06-17
Alka,Dhawan,F,11,5058108296,rajataviswanathan@example.com,4,7,2015-10-29
Madhavi,Nair,F,12,1100678581,samesh35@example.org,4,8,2013-04-20
Ansh,Chad,M,9,4351487498,davidsule@example.org,10,7,2014-07-06
Dhriti,Natt,F,8,3714541585,naksh69@example.net,7,4,2012-02-10
Liam,Srinivas,M,33,7486603238,oagarwal@example.org,1,7,2017-10-23
Nicholas,Vora,M,18,8758740649,zaidarya@example.com,4,7,2025-06-26
Gaurang,Soni,M,10,5606949085,nagarzaitra@example.com,9,6,2015-01-05
Chaman,Halder,F,12,3543205504,dinmeghana@example.org,1,1,2017-09-25
Janani,Narasimhan,F,3,3509207758,baghyawati28@example.net,1,2,2023-01-11
Gautami,Krishna,F,15,8443616355,zwable@example.org,3,2,2012-07-27
Gaurika,Sinha,F,11,0299554705,yuvrajsant@example.org,1,2,2021-08-15
Vincent,Chhabra,M,35,9762072464,igoswami@example.com,6,2,2022-08-25
Qarin,Saini,M,5,9205933508,charvi48@example.org,2,8,2026-03-09
Yashica,Magar,F,7,2964308622,gsharaf@example.net,9,6,2015-11-02
Daniel,Sha,M,28,5674203596,gautamibhagat@example.com,8,3,2025-01-27
Karan,Bandi,M,1,6913155918,noahbehl@example.com,1,6,2022-08-22
Ekta,Karpe,F,35,8637880484,liam56@example.com,2,1,2025-08-23
Aachal,Jani,F,32,6435132301,advik14@example.com,10,1,2015-04-20
Aadi,Raju,M,22,6359186951,ekarajbhakta@example.net,7,2,2015-05-01
Abdul,Jhaveri,M,1,1478090203,amaranarula@example.com,4,2,2016-11-09
Abdul,Handa,M,12,9903992937,iyengarakshay@example.org,4,6,2014-10-31
Krisha,Suri,F,29,2528945863,vchauhan@example.net,10,2,2014-03-03
Sara,Gulati,F,8,1838494753,chanderqushi@example.net,5,2,2023-05-01
George,Hari,M,11,2945950265,palanvamakshi@example.org,2,8,2021-12-03
Pranit,Bains,M,20,0121314798,wdate@example.net,8,5,2019-01-02
Omaja,Dugal,F,19,6143465520,datejanani@example.com,6,2,2021-08-08
Eesha,Patla,F,21,2073281106,hmerchant@example.net,3,6,2012-08-22
Vansha,Upadhyay,F,18,8624822485,chandernidra@example.org,7,4,2023-09-19
Warjas,Sanghvi,M,30,2730923908,januja12@example.com,8,8,2026-03-29
Wriddhish,Mangal,M,33,5144130126,pchaudhari@example.org,6,8,2017-12-14
Hitesh,Nayak,M,33,2871730518,fdatta@example.net,4,2,2025-05-03
Netra,Rana,F,35,5019878408,unnatisani@example.org,5,1,2014-05-29
Zarna,Dubey,F,26,1227592093,aashi76@example.com,4,7,2013-07-17
Yashica,Dani,F,34,1777441881,jtrivedi@example.net,7,6,2025-01-12
Teerth,Golla,M,16,6618493158,anyamisra@example.com,4,1,2023-02-22
Ekanta,Kalla,F,16,7730654934,hiteshkannan@example.org,6,2,2017-02-04
Gautam,Wadhwa,M,16,7677714519,udarsh73@example.org,2,5,2018-08-01
Saksham,Cherian,M,2,7670999123,amarakonda@example.org,4,8,2012-06-29
Siya,Pai,F,13,7217162197,orindermunshi@example.net,9,8,2017-08-12
Zayan,Badal,M,5,9192835985,rajeshri56@example.com,4,4,2016-12-01
Chaman,Srinivasan,F,15,2418406329,vanand@example.net,5,3,2016-04-07
Vansha,Sehgal,F,6,0968970529,samrabhavika@example.org,8,3,2023-07-27
Jalsa,Mander,F,23,8069114672,prasaddevika@example.com,7,2,2017-05-04
Faras,Bhattacharyya,M,2,5929565444,anirudhlanka@example.com,7,5,2023-01-30
Balendra,Saran,M,1,1607134150,ayaan84@example.net,1,7,2023-06-14
Mason,Karpe,M,1,0031112383,ramgirik@example.net,8,6,2016-12-02
Mohammed,Dar,M,10,4901202093,lpradhan@example.org,3,5,2026-06-03
Faras,Comar,M,30,0745633489,ojasbhandari@example.org,9,2,2014-06-10
Zayan,Peri,M,34,8192144007,girish57@example.com,10,8,2017-11-13
Ekaraj,Kibe,M,22,6389008509,dorajanaki@example.net,10,8,2023-10-23
Gaurika,Chad,F,9,9882100983,mannevictor@example.net,7,8,2019-04-06
Jatin,Hayer,M,32,7896286819,dbassi@example.com,7,7,2011-10-14
Chakradev,Ravi,M,8,0897531268,sarrafdeepa@example.org,4,4,2014-04-04
Falguni,Bassi,F,10,8636001738,aarna47@example.com,3,5,2012-10-02
Faqid,Singhal,M,24,9624512320,anarayan@example.com,2,6,2017-11-02
Zaitra,Behl,F,26,4324467469,dakshagala@example.org,10,2,2013-06-24
Ranbir,Chandran,M,5,6369689492,baghyawatidivan@example.org,5,4,2012-01-01
Peter,Acharya,M,6,0226189408,aoza@example.org,4,3,2020-01-26
Aryan,Panchal,M,19,5945159045,nseth@example.com,3,8,2017-07-04
Upasna,Nori,F,23,0898791348,dmajumdar@example.net,5,6,2014-03-23
Ethan,Sankaran,M,10,3248106934,bhargavajanaki@example.net,4,6,2024-06-16
Gopal,Sinha,M,26,2792266866,agarwalekaraj@example.com,6,6,2015-05-01
Joshua,Sampath,M,14,7889235562,yashica32@example.com,3,2,2012-10-17
Janani,Jaggi,F,19,5490328108,leela77@example.com,7,6,2016-11-15
Arjun,Batra,M,5,0617727182,hritikshan@example.net,1,6,2021-08-16
Harsh,Kaur,M,6,5370617886,rayaankhalsa@example.org,10,6,2017-03-03
Ekantika,Mohan,F,32,4311026012,adwetamenon@example.org,2,5,2013-03-10
Eesha,Rout,F,3,6542012780,warinder80@example.net,10,5,2022-12-23
Daksha,Natt,F,22,1114206901,deynaveen@example.net,3,7,2021-03-02
Hemangini,Vyas,F,9,8552817670,iyohannan@example.org,9,6,2013-06-22
Caleb,Jhaveri,M,17,1135933957,fitankhurana@example.org,1,8,2020-04-12
Yatin,Chana,M,35,7383637773,psingh@example.net,8,1,2021-08-06
Ekavir,Talwar,M,15,9583945748,mkanda@example.net,6,5,2013-03-22
Krish,Bhatia,M,16,5353850409,cbahl@example.net,1,1,2013-12-18
Guneet,Barman,M,4,7992707135,kramanathan@example.com,7,6,2019-10-05
Mekhala,Yogi,F,11,9033612561,eeshadara@example.net,10,5,2021-10-03
Tanish,Modi,M,32,4999556397,vamakshi00@example.com,4,1,2013-01-29
Ekbal,Desai,M,15,4412588124,perisiya@example.net,4,5,2023-01-12
Ayaan,Seshadri,M,3,7859246472,nathan90@example.com,2,2,2020-08-06
Fitan,Dash,M,12,3852822455,nihalsandal@example.org,1,4,2023-02-24
Jhalak,Sawhney,F,23,7355089377,zchowdhury@example.com,5,3,2023-12-21
Agastya,Sankar,M,12,2963024230,gerajagdish@example.org,4,4,2019-11-05
Sai,Dutta,M,10,1250040556,mkeer@example.net,10,5,2024-09-08
Dev,Ratta,M,27,1341427281,gnagy@example.net,1,7,2013-10-13
Urvashi,Vasa,F,30,1277411550,atharvnath@example.net,4,2,2018-03-06
Laksh,Raghavan,M,15,4448110705,odara@example.com,5,6,2014-05-30
Urishilla,Karan,F,19,4068230256,cheemagirik@example.net,4,2,2020-06-13
Ekaja,Khalsa,F,11,3226753261,karanvivaan@example.com,8,3,2024-05-09
Viraj,Agarwal,M,14,8463195330,ynagi@example.org,9,7,2017-09-28
Orinder,Panchal,M,5,7968057947,guneettak@example.com,5,7,2021-12-24
Nidra,Ganesan,F,34,9255945931,chaudrygauri@example.com,10,7,2022-11-07
Devika,Sule,F,16,5277333413,ltella@example.com,4,8,2017-10-05
Om,Parmar,M,8,4500773485,keyaparsa@example.org,9,1,2021-05-12
Panini,Chaudhari,F,30,5137343204,shaanthony@example.net,2,1,2016-10-14
Samarth,Varkey,M,30,7675073026,memonekantika@example.org,2,4,2021-07-05
Pranit,Zachariah,M,14,9506711031,nathaniel29@example.org,8,7,2017-09-25
Edhitha,Om,F,10,1914166381,vchandra@example.com,10,2,2013-06-15
Ucchal,Mitter,F,20,7380825204,gpatil@example.org,7,6,2012-02-29
Abeer,Bansal,M,19,5200635293,neel94@example.net,5,4,2012-11-15
Warda,Natt,F,7,4200935646,logan13@example.net,8,4,2025-09-08
Krishna,Bhakta,F,2,0914879182,raghavanjalsa@example.net,8,7,2013-03-18
Mason,Rattan,M,23,0565715749,usankar@example.com,9,6,2022-06-02
Chakrika,Handa,F,16,0451874451,bina36@example.net,3,6,2023-05-02
Krisha,Loyal,F,2,1190336465,isinghal@example.net,4,5,2017-01-24
Samarth,Dua,M,23,7761560498,ide@example.org,7,5,2016-12-27
Jatin,Bala,M,15,8756415519,orinderkapoor@example.net,7,4,2015-04-22
Dev,Patil,M,31,2587035101,kbal@example.net,3,8,2017-07-25
Ikshita,Ranganathan,F,26,0735906525,toorvictor@example.net,5,4,2025-11-13
Peter,Issac,M,2,6835218618,jeevikajoshi@example.net,6,6,2018-03-27
Chaitaly,Saran,F,30,5162920009,qchopra@example.org,7,7,2017-08-21
Umang,Khurana,M,31,5276219507,xiti14@example.org,4,5,2025-07-16
Patrick,Bedi,M,20,8829617108,raikrishna@example.net,8,7,2013-12-04
Ekta,Deol,F,4,4815208227,madanayushman@example.net,7,1,2024-06-24
Ekaja,Chanda,F,26,1705242753,borrasamuel@example.com,6,7,2019-08-15
Meghana,Varma,F,27,4957003124,amaira46@example.com,10,8,2026-03-13
Amruta,Chatterjee,F,18,7094304289,laltriya@example.org,6,5,2012-10-17
Tanmayi,Narain,F,18,2890282801,wridesh32@example.org,2,8,2026-04-18
Darika,Wason,F,5,3138504873,nidhikant@example.org,7,3,2019-11-11
Laban,Rama,M,4,6512269564,snehamorar@example.com,7,6,2011-09-09
Sai,Basu,M,12,8811039500,hatwal@example.org,8,7,2023-12-20
Christopher,Barman,M,15,9089294939,hanne@example.org,2,5,2020-01-28
Neel,Murthy,M,26,2046517901,qrastogi@example.net,9,5,2018-02-18
Banjeet,Doshi,M,35,7504221554,jasonupadhyay@example.org,3,3,2025-01-13
Aradhana,Krishna,F,5,5535182705,gbhargava@example.com,6,5,2022-10-18
Omkaar,Sahni,M,11,5027904951,samifrado@example.net,2,8,2023-05-27
Chandran,Subramanian,M,13,5849727121,pandeytanmayi@example.net,6,2,2022-05-28
Rajeshri,Varghese,F,25,9237229026,qbajwa@example.com,10,2,2012-07-26
Maya,Talwar,F,5,5564382183,boseindrajit@example.com,5,6,2018-02-21
Balendra,Kari,M,2,1957340392,ssaran@example.com,3,4,2015-08-20
Gaurangi,Amble,F,15,5210541767,ubikadivan@example.org,3,4,2026-01-30
Lopa,Badal,F,27,4031161996,suraparth@example.com,5,2,2016-08-10
Michael,Lala,M,8,0386365267,tellaleena@example.org,4,6,2019-07-17
Dalaja,Palan,F,10,9553195303,ldhillon@example.net,3,5,2012-09-24
Oviya,Aggarwal,F,15,8952259154,mandalgauri@example.net,6,6,2026-05-27
Amrita,Tandon,F,22,7993390032,imaran74@example.com,3,6,2024-04-11
Suhani,Parekh,F,8,3027797187,dakshamohan@example.com,4,2,2023-12-07
Dalbir,Roy,M,12,7293495107,rakshahayer@example.com,3,3,2022-07-25
Sai,Rau,F,12,2807767216,comarshivani@example.com,2,2,2013-06-19
Chatresh,Mittal,M,20,2513111522,indalikaul@example.net,4,2,2018-09-19
Panini,Jayaraman,F,14,0272212494,upkaar83@example.com,2,5,2014-07-20
Oeshi,Doctor,F,8,1741977175,vedant67@example.net,8,1,2015-03-11
Gagan,Sachdev,M,26,2290660620,bnatt@example.net,8,1,2025-01-25
Megha,Roy,F,15,8546302925,sameshbali@example.net,6,1,2018-01-10
Zashil,Taneja,M,4,8630772122,bainslajita@example.org,8,6,2023-01-20
Henry,Divan,M,16,5281745760,vyaszinal@example.com,3,7,2019-10-27
Ganga,Dhillon,F,7,6593690530,yashawini97@example.net,1,5,2026-05-13
Parth,Rattan,M,25,5823131379,zaitrachadha@example.com,3,5,2021-03-14
Kamya,Dua,F,13,7217559709,benjamin04@example.org,6,7,2018-06-26
Gautami,Chowdhury,F,7,3674991666,sachdevajeremiah@example.net,2,1,2011-07-15
Manan,Ram,M,25,3011041405,girishraja@example.org,7,3,2023-07-11
Shravya,Setty,F,11,9460790819,yahvi41@example.net,5,7,2014-03-22
Omaja,Taneja,F,13,4874334848,ychaudhuri@example.com,5,4,2019-07-18
Shivansh,Sha,M,25,7959164190,agatekevin@example.com,9,6,2021-07-02
Bhavna,Apte,F,29,6452215595,christopherbasak@example.com,7,7,2017-07-23
Chanakya,Ramesh,M,11,1280057462,nilimadoctor@example.com,7,8,2020-10-11
Omya,Khanna,F,3,8377834221,thakerunnati@example.com,5,4,2014-06-20
Samuel,Gera,M,28,3798125754,manan32@example.com,8,8,2017-07-04
Bhavya,Vasa,F,5,4525226535,iarora@example.org,6,7,2023-01-16
Bimala,Nagi,F,10,7441328362,yadavishan@example.org,9,1,2014-03-24
Yatan,Kumer,M,32,1810319245,skalita@example.com,10,8,2023-11-10
Gabriel,Varughese,M,29,1347988997,snarayan@example.net,6,2,2021-09-02
Max,Date,M,29,0251042511,ccontractor@example.org,6,4,2020-02-11
Tanay,Bal,M,14,2161446936,hchandra@example.com,6,8,2014-05-12
Ishwar,Mody,M,20,3183752162,xdewan@example.com,8,7,2014-01-02
Indira,Prabhu,F,2,3401262910,oviya47@example.net,1,2,2025-05-30
Praneel,Agate,M,1,2232502720,girishsangha@example.com,4,8,2014-09-17
Manya,Hayer,F,16,9451688846,esandal@example.com,8,5,2024-12-10
Leena,Thakkar,F,27,1206849774,jasonsharaf@example.net,5,8,2026-02-05
Jai,Bakshi,M,19,9256835479,henrybhagat@example.org,3,3,2016-07-06
Timothy,Guha,M,34,0295570041,ramakrishnanoscar@example.net,7,7,2013-11-26
Yashvi,Kumer,F,12,8029717446,qratta@example.net,9,8,2023-03-23
Ucchal,Jhaveri,F,16,5035421100,charvi78@example.net,10,1,2017-01-07
Chameli,Setty,F,2,7491421914,logan09@example.net,8,3,2018-07-06
Balveer,Nagy,M,27,1792822967,rachana39@example.net,1,8,2018-05-16
Samuel,Sama,M,25,0389346196,ubikarattan@example.org,10,6,2021-01-10
Fiyaz,Palla,M,30,0654881810,devika63@example.net,9,7,2016-06-19
Nihal,Dugar,M,13,8227497338,yohannanishwar@example.com,9,6,2013-06-29
Hemal,Zacharia,F,14,1322153646,baralwilliam@example.net,10,7,2016-09-09
Hema,Rao,F,24,4387176466,nicholasmaster@example.com,10,4,2020-02-15
Falan,Sheth,M,25,4314949659,yswamy@example.com,5,2,2026-02-11
Warjas,Sarraf,M,27,5963054889,varsha32@example.net,3,1,2025-04-06
Orinder,Gaba,M,29,3804126218,hbuch@example.net,5,3,2021-04-19
Tanay,Kanda,M,21,9067318730,shauryasharma@example.com,6,6,2012-10-11
Baghyawati,Palan,F,6,2383821449,bpillai@example.com,3,6,2024-08-31
Nandini,Sekhon,F,26,1263361209,icheema@example.com,5,3,2013-08-09
Yashodhara,Grewal,F,13,4838967596,opandya@example.org,3,5,2018-08-25
Tanish,Nagy,M,32,3743076003,udyati31@example.com,8,4,2020-12-31
Finn,Rama,M,35,3017262837,mmodi@example.org,5,5,2016-12-19
Raagini,Acharya,F,7,8711052888,brijesh66@example.com,6,7,2015-03-25
Bachittar,Vohra,M,18,9824569024,urvashiwalla@example.net,4,2,2023-05-06
Gopal,Khurana,M,19,6321651039,xalakdayal@example.com,3,3,2021-01-25
Caleb,Dara,M,28,0167009544,yashawini59@example.com,4,3,2022-06-28
Vrinda,Sawhney,F,3,6265646498,jasonpandya@example.org,8,3,2016-04-14
Bhavini,Dhillon,F,11,6661121403,jdhar@example.net,1,6,2018-02-20
Oscar,Gulati,M,4,1233972404,bhattikrishna@example.net,1,1,2016-02-07
Hema,Dalal,F,26,4304783443,davidsrivastava@example.net,10,3,2022-03-02
Priya,Menon,F,25,2028101831,jasmitswamy@example.net,9,6,2011-08-20
Tanmayi,Butala,F,17,1663373405,satheomisha@example.net,6,2,2024-10-30
Shivansh,Yohannan,M,27,6634035125,ronith81@example.org,1,3,2025-04-05
Yachana,Ahuja,F,8,3907695548,zinal39@example.com,1,6,2025-08-12
Bakhshi,Pillai,M,28,1829483349,patrick66@example.com,8,3,2020-01-03
Farhan,Bail,M,28,0083060590,dixitjatin@example.net,10,4,2016-09-29
Ethan,Wagle,M,8,9659832102,choudhryaryan@example.org,6,4,2021-09-07
Pratyush,Shanker,M,27,3803591054,lataishanvi@example.com,10,7,2018-09-30
Xavier,Batta,M,33,4842223459,wsha@example.net,8,4,2014-01-31
Aarna,Singh,F,30,3332041075,ladgaurangi@example.net,8,3,2024-10-06
Abhimanyu,Kade,M,35,8859447223,harshbassi@example.org,10,1,2013-10-01
Isaiah,Sarin,M,23,8951105329,behlinaya@example.net,5,7,2018-05-14
Mahika,Toor,F,11,3517687383,varkeyyochana@example.net,9,4,2023-07-16
Tanay,Parmer,M,25,3017194122,guneet19@example.net,3,5,2026-06-24
Avni,Raman,F,32,0819796139,kashishchaudry@example.com,5,1,2021-06-25
Tara,Tella,F,19,0761569755,faraj05@example.net,2,1,2018-05-17
Saanvi,Yogi,F,14,0748680316,kraja@example.com,1,8,2020-04-03
Aahana,Sem,F,26,8259860943,ubandi@example.org,10,3,2018-02-02
Faraj,Khanna,M,20,7738837932,ekalingasidhu@example.net,6,7,2019-08-25
Kala,Chahal,F,23,2056555599,tarakalita@example.org,6,8,2013-04-15
Theodore,Basak,M,18,4416843936,ranganathanurishilla@example.com,9,6,2025-12-18
Qasim,Sule,M,24,4168259143,kibedhruv@example.com,3,7,2014-02-02
Kamala,Bhat,F,21,3379575140,maharajwridesh@example.com,9,7,2015-10-04
William,Loyal,M,28,4139591222,sehgalrohan@example.org,10,2,2016-06-21
Sarthak,Garde,M,33,0816751930,lhanda@example.org,6,1,2015-12-06
Praneel,Subramaniam,M,8,5320568315,jarya@example.com,7,3,2017-06-04
Naveen,Edwin,M,33,7722069499,qasimbadal@example.com,2,2,2017-06-12
Saksham,Varma,M,16,8816320865,lbhargava@example.com,9,8,2024-02-13
Hema,Dutta,F,6,2977991437,rushil78@example.net,6,3,2014-09-08
Amruta,Dhar,F,6,0209618949,kalpitsharma@example.com,4,7,2024-08-01
Ekbal,Konda,M,31,6732958768,amaranagarajan@example.com,1,3,2025-12-02
Lohit,Parmar,M,18,9435726238,lmore@example.net,6,5,2021-08-23
Dakshesh,Deo,M,19,6572053903,vsathe@example.net,7,8,2024-01-02
Vasatika,Prabhu,F,33,4494072174,uganguly@example.com,2,8,2025-12-03
Champak,Parsa,M,11,1215284804,okhurana@example.net,6,1,2024-12-02
Isaiah,Biswas,M,27,9832399756,rmishra@example.com,9,3,2026-03-28
Aachal,Parmar,F,31,8242923010,misrafalan@example.net,3,4,2021-09-27
Rajeshri,Parikh,F,25,4288786421,murtygeorge@example.org,4,5,2017-09-09
Megha,Dhingra,F,11,5092489617,mgole@example.org,2,2,2016-08-19
Guneet,Andra,M,4,9218465305,izacharia@example.com,7,1,2023-01-11
Kalpit,Brar,M,25,8888850690,vamakshi52@example.net,1,1,2013-07-14
Kashvi,Pillai,F,28,7556148823,smagar@example.com,1,1,2018-03-10
Dev,Bail,M,6,4691251865,wagleamol@example.net,7,5,2013-07-31
Aryan,Agate,M,25,2049098060,tailoranya@example.net,8,1,2015-12-09
Qasim,Kala,M,26,6142886558,arjun02@example.com,1,2,2021-08-21
Chandresh,Sunder,M,10,1227893856,ykhurana@example.org,6,1,2021-09-06
Arunima,Srinivasan,F,16,5905878655,ramwarda@example.com,4,4,2023-08-06
Lekha,Singh,F,21,6729041003,ghoshwriddhish@example.com,8,1,2025-01-20
Jalsa,Grover,F,33,8587947921,randhawaurishilla@example.net,5,4,2016-04-19
Anamika,Khare,F,6,5640364057,buchnikita@example.com,5,8,2019-01-01
Gayathri,Guha,F,24,0953334308,pathakhemang@example.com,4,7,2022-03-22
Umang,Deep,M,15,1798359857,bbora@example.org,10,6,2012-07-18
Vedika,Vasa,F,2,3089184850,jkhurana@example.com,7,8,2017-07-23
Joshua,Krishnan,M,31,1113343205,vgole@example.net,8,3,2015-02-13
Max,Koshy,M,14,6986996511,ftrivedi@example.net,10,7,2023-01-31
Noah,Devi,M,29,6447480518,calebbali@example.com,2,8,2016-09-06
Tanay,Sharma,M,33,8476793005,bhattacharyyabina@example.com,10,3,2015-05-23
Yashawini,Ravi,F,29,4591908406,manbir94@example.org,4,8,2023-11-28
Falan,Bir,M,7,2980734493,narayanrohan@example.com,7,8,2017-08-13
Chakradhar,Jayaraman,M,2,0488715305,vchokshi@example.org,3,3,2013-11-30
Faras,Baral,M,4,9857041705,bosenirja@example.net,6,4,2012-06-05
Lakshit,Sarna,M,23,5706096514,nandra@example.net,9,5,2022-07-24
Ekbal,Bajaj,M,13,8707630610,manderikshita@example.net,2,2,2026-05-08
Manan,Sawhney,M,9,4147855897,jdave@example.net,10,8,2018-07-10
Vivaan,Biswas,M,30,8576488055,pavani16@example.org,9,6,2015-02-04
Tamanna,Gade,F,34,4501622773,idika68@example.net,7,1,2015-08-24
Robert,Bhardwaj,M,8,4132945591,andrewnigam@example.com,6,8,2017-09-18
Kalpit,Walla,M,14,4272930952,sameshkhurana@example.org,5,6,2019-03-06
Yug,Shere,M,16,1756414672,pprabhu@example.com,3,2,2016-10-18
Vaishnavi,Sathe,F,22,4019406854,bhatanvi@example.net,6,5,2024-11-13
Yahvi,Dyal,F,16,6182253786,lguha@example.com,6,6,2012-10-07
Chaaya,Gour,F,5,6254610612,omkaarsarraf@example.net,5,7,2023-05-07
Madhav,Char,M,29,9694290536,zinalrana@example.org,3,1,2017-02-27
William,Jaggi,M,19,1985816170,kamdarfaraj@example.net,4,1,2019-01-09
Leela,Devan,F,23,7373130379,yochananadkarni@example.com,1,4,2013-01-15
Kritika,Lata,F,31,0537954299,bbabu@example.net,2,6,2017-10-21
Patrick,Mander,M,7,0459264649,gagarwal@example.org,1,6,2014-07-13
Madhav,Rajan,M,27,0026092664,vmishra@example.net,5,1,2013-05-09
Yuvraj,Lad,M,32,7520078730,maxguha@example.org,7,4,2020-12-13
Qarin,Sathe,M,27,4507395600,tatahredhaan@example.net,9,4,2013-09-28
Adweta,Natt,F,2,7291345090,waligarima@example.org,8,6,2019-07-23
Nilima,Shah,F,28,9175970997,jyoti75@example.com,2,2,2014-03-07
Tripti,Naidu,F,26,8290839289,eranganathan@example.net,9,5,2024-10-05
Rajata,Master,F,31,0852909530,fariqsridhar@example.org,5,1,2018-12-09
Samarth,Gulati,M,24,4312953056,sarnasathvik@example.org,2,1,2017-12-05
Chaitaly,Ravel,F,22,2469613085,mason39@example.com,8,7,2017-07-17
Arjun,Soman,M,13,4031716103,akshay36@example.com,3,7,2024-10-23
Niharika,Pandit,F,28,1808321028,anamika72@example.com,3,6,2016-05-18
Daksha,Parmer,F,1,1564043608,gavin33@example.org,10,8,2016-06-18
Nakul,Minhas,M,29,5332418869,jhalakuppal@example.org,6,2,2021-07-14
Irya,Munshi,F,11,1374541072,sudiksha98@example.net,7,1,2012-05-14
Gabriel,Hora,M,17,5033238096,narayananosha@example.org,6,6,2020-09-11
Forum,Sur,F,12,4244024080,charlessibal@example.com,3,5,2016-09-28
Yug,Sekhon,M,29,6930799190,anshsekhon@example.org,5,5,2014-12-16
Ekapad,Ahuja,M,3,5875024272,finnbakshi@example.net,2,3,2021-09-25
Andrew,Narayanan,M,30,3089487640,hayerzansi@example.net,8,6,2015-02-25
Damyanti,Bava,F,11,0733501269,saanvigoyal@example.org,4,1,2022-05-15
Faras,Tella,M,30,8491745089,prakashtriya@example.com,8,4,2012-10-03
Rachit,Ganguly,M,3,9636645809,datehredhaan@example.com,4,4,2013-09-09
Krishna,Dugar,M,8,0198278699,wpau@example.org,9,6,2026-01-09
Rayaan,Wason,M,32,7777648677,iyeryauvani@example.net,1,6,2025-06-26
Kritika,Bora,F,11,5774080828,pchanda@example.net,2,8,2022-07-04
Abdul,Tak,M,14,2028648201,barkhabehl@example.net,6,6,2012-07-05
Radhika,Din,F,25,7334052007,xgrewal@example.com,7,5,2014-01-17
Rachita,Gill,F,16,2083209496,nkunda@example.net,8,2,2024-07-28
Ishaan,Narayan,M,16,7334861430,rajanika@example.net,3,7,2011-08-30
Triya,Dar,F,35,1417914276,balendra03@example.com,5,7,2021-09-07
Arunima,Pingle,F,8,9954668501,pratyushmodi@example.org,9,2,2016-01-11
Manbir,Sura,M,1,8322099357,januja13@example.net,3,7,2017-01-06
Yashoda,Guha,F,26,7124536381,thamanraghav@example.net,9,7,2023-01-22
Osha,Garg,F,23,0034693785,dakshsolanki@example.com,6,6,2019-09-16
Oeshi,Bhalla,F,9,8687759855,simonchada@example.org,6,8,2024-03-13
Chandani,Bawa,F,3,1528628574,tmisra@example.com,1,5,2024-03-03
Tanvi,Varma,F,2,6517748775,adwetabakshi@example.net,1,7,2017-12-23
Ekiya,Kar,F,20,8609130305,bhavani11@example.com,2,2,2014-05-10
Bhavna,Parsa,F,22,2807788922,lsrivastava@example.org,2,6,2016-06-26
Charvi,Chana,F,25,7222717009,nicholas25@example.org,9,8,2022-09-06
Sai,Mahal,M,32,4236245244,ladlisunder@example.net,4,2,2019-04-11
Omaja,Balakrishnan,F,1,9689120888,prabhakarikshita@example.com,10,5,2022-01-21
Sachi,Sen,F,27,6412727369,faras40@example.net,8,4,2015-08-24
Mahika,Kannan,F,11,8395147101,logan01@example.org,2,6,2014-10-26
Harinakshi,Pingle,F,3,1318777322,senhiral@example.com,9,1,2021-12-06
Nicholas,Rastogi,M,15,4545597616,dpatla@example.net,7,6,2011-11-25
Hemani,Chahal,F,27,9564049495,farajnaik@example.com,8,1,2019-12-04
Anusha,Sarkar,F,20,6637842416,bhattacharyyafaqid@example.com,6,8,2012-04-16
Abha,Choudhry,F,22,0703220144,qgarde@example.net,9,4,2019-11-24
Ojasvi,Subramanian,F,33,5823455659,yashodasaha@example.org,7,2,2021-08-30
Omaja,Aggarwal,F,1,0420810018,chanakya78@example.org,5,3,2025-02-02
Rachana,Rege,F,33,7524562974,bhatnagarvrinda@example.com,8,5,2024-12-12
Forum,Wagle,F,24,0807967520,mdeep@example.com,7,4,2025-08-08
Aradhana,Mittal,F,9,4391091572,shereleena@example.com,4,4,2016-08-03
Pooja,Vasa,F,24,4098964954,wkamdar@example.net,5,7,2023-01-02
Oliver,Mani,M,22,1097212288,gopalyashawini@example.org,8,4,2024-08-27
Samarth,Dani,M,15,3767697236,zilmil35@example.org,8,2,2014-06-11
Fariq,Viswanathan,M,30,6826314048,ekajajaggi@example.net,9,1,2014-05-23
Ishani,Kurian,F,35,4883573255,advika36@example.org,8,1,2026-03-24
Theodore,Parsa,M,29,6709599162,gkhanna@example.net,1,3,2018-03-08
Harsh,Upadhyay,M,6,3989758865,charvi79@example.org,2,6,2022-11-21
Avni,Rattan,F,14,4078440462,jyadav@example.com,4,6,2012-01-13
Udarsh,Agate,M,15,2842814280,vincent12@example.org,6,8,2019-08-04
Chasmum,Parsa,F,3,2472517090,ujaggi@example.com,3,3,2018-08-18
Nathaniel,Sura,M,17,5505968923,raivarsha@example.org,6,2,2015-01-11
Dominic,Sachdeva,M,27,0860852302,abhiram30@example.org,8,7,2024-08-25
Quincy,Trivedi,M,11,6446461445,khoslaraksha@example.com,7,3,2025-05-29
Triveni,Mishra,F,14,8895101868,warjas41@example.com,10,1,2014-04-04
Logan,Tailor,M,8,7766282272,bhanumati13@example.org,1,4,2022-12-16
Kevin,Gara,M,33,2839116154,qaggarwal@example.com,3,1,2012-02-09
Kevin,Tata,M,29,0468081182,omishasubramaniam@example.net,5,2,2012-02-17
Krishna,Srinivasan,F,1,0640546006,lipika09@example.net,5,2,2017-07-11
Forum,Nagi,F,18,2472363286,ikohli@example.org,1,5,2015-10-08
Gautami,Bhakta,F,14,9333351812,nakshganguly@example.net,7,3,2012-04-05
Rayaan,Dhar,M,22,3642876833,osamra@example.org,7,3,2026-06-26
Owen,Shukla,M,22,9313586606,akota@example.com,3,5,2021-05-01
Harsh,Oommen,M,15,6432171821,balijonathan@example.com,4,8,2023-07-09
Jagrati,Tank,F,18,9614981896,balasubramanianrachita@example.org,8,6,2019-01-24
Tanay,Vohra,M,14,1855977498,sanghachandresh@example.net,5,7,2020-08-14
Falguni,Tiwari,F,17,7035028158,asabharwal@example.org,7,6,2025-03-05
Eta,Das,F,16,9154793792,zehaandin@example.org,4,6,2011-12-28
Dipta,Oak,F,19,2234896121,ekta27@example.com,4,7,2025-09-11
Ekaraj,Palla,M,26,3311406084,amairasood@example.org,6,7,2021-01-01
Sanya,Ganesan,F,19,1319258906,qasim94@example.net,3,6,2019-07-30
Zayan,Hans,M,20,5670647499,anvi35@example.org,3,6,2021-05-07
Yamini,Chand,F,34,1534584891,balunnati@example.net,1,7,2020-12-23
Xavier,Dugar,M,28,0297256035,surjagvi@example.net,3,5,2011-07-17
Dayamai,Keer,F,28,9986301377,parmarlajita@example.org,6,6,2016-09-25
Amara,Bhatia,F,19,5422071455,skaur@example.net,7,8,2015-03-16
Wyatt,Radhakrishnan,M,4,8988035573,chandakamya@example.net,4,7,2024-11-10
Advik,Amble,M,6,4559345782,janivasana@example.com,2,6,2018-11-29
Kashish,Patil,F,28,4531315729,ubikanagarajan@example.org,10,8,2013-10-29
Vasudha,Jha,F,20,6293576634,shankaryuvraj@example.net,4,7,2023-01-15
Jagvi,Sarin,F,28,3445994487,bimala54@example.org,3,3,2020-08-21
Urishilla,Nayak,F,24,6756780119,guneetacharya@example.com,8,3,2013-03-30
Varsha,Bala,F,30,3077461385,timothy85@example.net,3,8,2023-10-15
Gayathri,Dugal,F,31,6633398173,goleonkar@example.net,7,7,2014-09-07
Yashica,Talwar,F,32,9683655424,trattan@example.org,9,7,2017-10-28
Radha,Kade,F,9,0346737207,ytalwar@example.org,4,6,2025-08-17
Dhriti,Jhaveri,F,32,4599940061,gautam95@example.org,5,3,2025-10-27
Sanya,Sahni,F,8,9046110706,saanvibhavsar@example.net,6,1,2025-09-16
Kavya,Johal,F,13,5714941134,faris98@example.com,2,8,2012-03-11
Noah,Ramaswamy,M,12,0131158861,nachiketarora@example.com,2,5,2023-01-15
Ati,Ghose,F,31,4147463868,xpandey@example.org,8,4,2014-02-04
Chakradev,Vala,M,18,1117987961,saitak@example.org,8,6,2021-03-28
Vinaya,Sanghvi,F,23,0051005242,xhari@example.net,8,7,2026-06-05
Urvashi,Barman,F,8,5595591363,chandran83@example.net,8,2,2024-01-14
Vritti,Borde,F,23,1259046990,triveni15@example.net,2,2,2019-04-04
Darsh,Kashyap,M,35,9450819447,guneet12@example.com,9,2,2024-09-16
Janani,Dass,F,23,3739301483,ramaanya@example.com,5,4,2017-05-08
Sanya,Bava,F,21,5941845516,darayashica@example.net,2,3,2012-05-09
Daksh,Ravi,M,21,8693761277,turvi33@example.net,9,6,2015-10-01
Darika,Nagy,F,6,9647325803,blalla@example.net,6,6,2022-04-24
Manbir,Chada,M,3,0442505861,qbadami@example.net,6,8,2025-08-29
Yasti,Sen,F,7,2212173193,gdani@example.com,10,6,2025-03-20
Vaishnavi,Dass,F,25,4522974300,vincentsidhu@example.com,1,4,2026-02-25
Laban,Warrior,M,28,2191339453,xdatta@example.org,4,5,2019-11-29
Laksh,Ram,M,15,4163809068,bhavsaraadhya@example.com,10,3,2021-09-08
Tanveer,Ramaswamy,M,13,2771720034,harshsinghal@example.net,2,8,2026-06-06
Aadhya,Rout,F,21,2761708997,patildominic@example.com,1,7,2023-07-16
Dakshesh,Doshi,M,32,5712396471,frout@example.com,8,1,2020-06-22
Warinder,Goda,M,21,8163614539,pjhaveri@example.net,5,6,2015-11-19
Kamala,Char,F,32,5174673517,nnarayan@example.org,7,1,2023-12-16
Faqid,Mital,M,31,5062522675,bhagatpeter@example.net,8,5,2022-11-05
Wridesh,Jhaveri,M,20,8883487123,urmi53@example.net,2,6,2020-02-25
Vaishnavi,Sanghvi,F,30,2733692515,ghoseishwar@example.org,8,1,2024-08-17
William,Kalita,M,5,3336738462,upkaaracharya@example.com,5,4,2016-08-09
Jagvi,Ravel,F,6,5562772019,daliaudyati@example.org,9,4,2018-05-17
Gautami,Sha,F,3,2578083399,baradsaumya@example.com,5,4,2011-10-30
Tara,Natt,F,11,5149292250,darika96@example.org,4,4,2011-07-18
Saumya,Dugal,F,23,2911846454,warriorluke@example.net,9,2,2016-03-12
Oscar,Srinivas,M,15,4489070884,prabhusarthak@example.net,10,6,2016-09-06
Ria,Vora,F,23,5770488000,bsubramanian@example.net,7,3,2021-03-18
Advay,Tank,M,4,0084305235,avnibhandari@example.net,10,6,2025-05-02
Naksh,Nori,M,23,1798359716,isharege@example.com,4,7,2015-12-09
Adya,Sachdev,F,15,7562456265,pranitchahal@example.net,1,7,2014-12-14
Chasmum,Parsa,F,21,2256907623,fsem@example.org,3,4,2019-02-11
Ubika,Apte,F,8,1267119513,wablejhalak@example.net,3,6,2018-01-18
Arin,Vohra,M,35,7488376699,hsaraf@example.com,4,2,2015-06-18
Jyoti,Sarna,F,29,4528868291,thakkaranvi@example.net,6,4,2011-07-11
Nakul,Wable,M,6,0670020550,jchoudhry@example.org,7,8,2014-09-21
Patrick,Grewal,M,32,8512726065,pranavmittal@example.com,6,7,2022-03-19
Amara,Tripathi,F,31,8715426980,aradhana67@example.net,3,4,2013-03-26
Wyatt,Gour,M,6,4162468989,logansandhu@example.org,8,2,2024-10-02
Reyansh,Balay,M,25,8589482963,raveljanuja@example.net,5,7,2022-07-25
Matthew,Dani,M,22,2552956412,muttitriya@example.net,9,3,2021-01-08
Advik,Bhasin,M,26,5230856737,atwalchandresh@example.com,5,4,2016-03-13
Anthony,Padmanabhan,M,18,0188750724,xkohli@example.net,1,1,2019-06-30
Vanya,Golla,F,4,2264857727,ukonda@example.net,1,4,2020-12-19
Daksh,Taneja,M,21,6705681321,narayanbalendra@example.com,1,2,2013-10-03
Rehaan,Sarkar,M,4,5930033171,zashilgandhi@example.org,2,6,2022-09-01
Madhav,Koshy,M,16,4475196049,trivenilanka@example.net,6,8,2021-01-13
Amara,Chopra,F,9,1481590728,chaitanyakohli@example.org,1,3,2014-09-24
Unni,Shetty,F,9,3500482715,anya87@example.net,8,4,2019-09-07
Aadi,Sangha,M,4,9596789350,avnichatterjee@example.org,10,6,2016-08-01
Aadhya,Bains,F,2,7757392122,awali@example.org,7,7,2023-07-20
Qarin,Nagarajan,M,20,4654977227,hemagara@example.org,8,1,2014-12-06
Sarthak,Bail,M,34,5675669465,baljiwanswaminathan@example.net,5,3,2019-08-02
Shaurya,Zacharia,M,22,3461705222,hagarwal@example.com,9,5,2020-05-05
Pahal,Misra,F,25,7870146810,vyanjanakhosla@example.net,5,4,2019-04-21
Chaman,Krishna,F,26,2164402483,sankaranbhavna@example.net,3,7,2018-03-28
Harini,Patil,F,27,4946382674,banikqasim@example.org,6,1,2023-02-09
Charles,Kala,M,27,2407056160,danivrinda@example.org,10,6,2014-04-09
Nisha,Halder,F,1,3417657985,jaggieiravati@example.net,9,3,2017-09-11
Yamini,Rastogi,F,28,6036737338,suriraghav@example.com,2,8,2016-10-17
Nicholas,Memon,M,35,3283004729,wrau@example.com,9,2,2025-11-11
Faris,Kadakia,M,20,2741976926,arya18@example.net,5,1,2017-02-11
Advay,Batra,M,15,2936547893,anyamallick@example.net,6,7,2017-04-27
Kamala,Setty,F,28,5558849514,falandey@example.org,2,4,2016-05-06
Udant,Venkatesh,M,29,1377526851,bobalfaris@example.net,5,5,2026-03-17
Owen,Verma,M,20,1549161812,ycheema@example.net,7,5,2013-10-15
Anamika,Vohra,F,18,1092294040,osha55@example.com,9,7,2019-07-23
Frado,Kashyap,M,16,2075204355,anshghosh@example.net,8,7,2022-10-17
Kritika,Dhaliwal,F,20,4723532970,tbhatt@example.net,5,5,2026-06-01
Ishita,Kumar,F,25,9343676669,kailad@example.com,1,3,2014-12-23
Anjali,Narang,F,10,0063450756,mallickdipta@example.net,1,1,2025-06-19
Isaac,Gola,M,5,7006628993,mason15@example.net,6,4,2022-05-04
Faqid,Kapoor,M,29,5676489881,sai72@example.org,8,5,2020-11-28
Varsha,Deshmukh,F,11,1849362915,fradokadakia@example.com,9,2,2023-12-02
Rajeshri,Parikh,F,4,0601274869,ishita66@example.org,9,4,2020-01-05
Nitara,Ramaswamy,F,27,4102606919,yauvani91@example.net,6,4,2012-05-04
Brinda,Dhingra,F,24,8543841865,sacharanmol@example.org,10,1,2019-09-28
Yutika,Viswanathan,F,32,2238449504,raghavanpooja@example.org,2,5,2015-11-19
Yuvraj,Sood,M,2,9318699472,hitesh71@example.org,3,4,2022-06-25
Farhan,Peri,M,27,0080520796,hredhaan43@example.com,8,1,2019-04-29
Nidra,Mukhopadhyay,F,6,0145288322,manthanpadmanabhan@example.net,4,6,2016-09-16
Ria,Deol,F,18,9885135682,watika68@example.com,6,6,2022-08-26
Ekaraj,Salvi,M,7,0648155099,braval@example.net,2,7,2012-04-19
Darika,Dalal,F,31,1246427527,joshuasarma@example.com,3,8,2016-03-21
Divya,Suresh,F,23,8848133533,mitesh33@example.com,3,4,2018-07-12
Udarsh,Kamdar,M,16,5874442930,watwal@example.net,10,8,2019-12-20
Turvi,Rastogi,F,34,4303253706,chokshioscar@example.org,4,6,2024-01-03
Janani,Agate,F,30,1638335514,tiwariamaira@example.com,2,6,2016-12-11
Indali,Dash,F,3,0046447009,max65@example.net,4,4,2021-09-19
Hiral,Sura,F,35,4917803412,gadegaurav@example.org,10,4,2026-01-16
Aarini,Din,F,7,2672688037,badaldarsh@example.org,4,3,2019-10-01
Tripti,Bose,F,17,1177701366,borrakai@example.org,3,2,2025-06-09
Utkarsh,Sahni,M,8,3533163197,okala@example.org,7,1,2022-04-01
Oni,Shenoy,F,32,6770850130,pvohra@example.org,8,4,2013-09-12
Janya,Suresh,F,13,9450839077,isaac43@example.org,2,5,2017-03-17
Xalak,Kala,F,29,2116630460,kalpitwali@example.com,4,8,2014-01-28
Wakeeta,Dubey,F,16,0328063068,jagrati59@example.net,4,2,2015-11-25
Neel,Bail,M,26,5236984970,qadim68@example.org,3,6,2024-08-14
Imaran,Oommen,M,7,5166926022,pranav59@example.org,10,3,2016-02-23
